【整租】乐乎城市青年社区 国贸 传媒大学总店,国贸,2499-3299,http://bj.58.com/pinpaigongyu/30986916367564x.shtml?psid=134037675197111640782096262
【整租】黄村 兴华园 2室1厅,兴华园,3500,http://bj.58.com/pinpaigongyu/31008112064825x.shtml?psid=134037675197111640782096262
【整租】乐乎公寓 十里河 十里河美联居店,十里河,3400-5800,http://bj.58.com/pinpaigongyu/31143529429816x.shtml?psid=134037675197111640782096262
【合租】孙河 康营家园29期 3室主卧,康营家园29期,2400,http://bj.58.com/pinpaigongyu/31208520057646x.shtml?psid=134037675197111640782096262
【整租】双桥 乐乎城市青年社区 1室1厅,【整租】双桥,2450,http://bj.58.com/pinpaigongyu/31194819572670x.shtml?psid=134037675197111640782096262
【整租】乐乎城市青年社区 国贸 传媒大学总店,国贸,2499-3299,http://bj.58.com/pinpaigongyu/30986917311427x.shtml?psid=134037675197111640782096262
【合租】定福庄 定福庄北里1号院 3室主卧,定福庄北里1号院,2560,http://bj.58.com/pinpaigongyu/31184663006792x.shtml?psid=134037675197111640782096262
【整租】乐乎社区 十里河 乐乎社区美联居,十里河,3600-5100,http://bj.58.com/pinpaigongyu/31074447616690x.shtml?psid=134037675197111640782096262
【整租】双桥 北京条玛青年公寓 1室1厅,【整租】双桥,2950,http://bj.58.com/pinpaigongyu/30941345945407x.shtml?psid=134037675197111640782096262
【合租】管庄 荟康苑 2室主卧,荟康苑,2000,http://bj.58.com/pinpaigongyu/31154916452044x.shtml?psid=134037675197111640782096262
【合租】双井 百环家园 3室主卧,百环家园,2770,http://bj.58.com/pinpaigongyu/30855550569535x.shtml?psid=134037675197111640782096262
【整租】贝客公寓 立水桥 立水桥,立水桥,3600-3950,http://bj.58.com/pinpaigongyu/30920238856489x.shtml?psid=134037675197111640782096262
【合租】十里堡 都会华庭 3室主卧,都会华庭,2600,http://bj.58.com/pinpaigongyu/30845151366058x.shtml?psid=134037675197111640782096262
【合租】望京 慧谷时空 3室次卧,慧谷时空,2180,http://bj.58.com/pinpaigongyu/30800069428412x.shtml?psid=134037675197111640782096262
【合租】望京 慧谷时空 3室次卧,慧谷时空,2170,http://bj.58.com/pinpaigongyu/30865680721846x.shtml?psid=134037675197111640782096262
【整租】远江公寓 运河大街 运河大街店,运河大街,2580-3380,http://bj.58.com/pinpaigongyu/30866423190456x.shtml?psid=134037675197111640782096262
【合租】芍药居 圣馨家园 3室主卧,圣馨家园,2260,http://bj.58.com/pinpaigongyu/30856346012490x.shtml?psid=134037675197111640782096262
【合租】双井 首城国际中心 3室主卧,首城国际中心,2500,http://bj.58.com/pinpaigongyu/30855430851535x.shtml?psid=134037675197111640782096262
【合租】常营  3室次卧,3室次卧,3300,http://bj.58.com/pinpaigongyu/30800431369807x.shtml?psid=134037675197111640782096262
【合租】芍药居 圣馨家园 3室主卧,圣馨家园,2450,http://bj.58.com/pinpaigongyu/30856061246634x.shtml?psid=134037675197111640782096262
【整租】乐乎城市青年社区 国贸 传媒大学总店,国贸,2499-3299,http://bj.58.com/pinpaigongyu/30986916367564x.shtml?psid=147438232197111640883057584
【整租】望京 香江北岸 1室1厅,香江北岸,3700,http://bj.58.com/pinpaigongyu/31100001048882x.shtml?psid=147438232197111640883057584
【整租】乐乎公寓 十里河 十里河美联居店,十里河,3400-5800,http://bj.58.com/pinpaigongyu/31143529429816x.shtml?psid=147438232197111640883057584
【整租】双桥 条玛青年公寓 1室1厅,【整租】双桥,2950,http://bj.58.com/pinpaigongyu/30952463058493x.shtml?psid=147438232197111640883057584
【整租】十里河 乐乎城市青年社区 1室1厅,【整租】十里河,3888,http://bj.58.com/pinpaigongyu/31117711698116x.shtml?psid=147438232197111640883057584
【整租】乐乎城市青年社区 国贸 传媒大学总店,国贸,2499-3299,http://bj.58.com/pinpaigongyu/30986917311427x.shtml?psid=147438232197111640883057584
【合租】物资学院路 天赐良园东区 3室主卧,天赐良园东区,2160,http://bj.58.com/pinpaigongyu/31140797672749x.shtml?psid=147438232197111640883057584
【整租】乐乎社区 十里河 乐乎社区美联居,十里河,3600-5100,http://bj.58.com/pinpaigongyu/31074447616690x.shtml?psid=147438232197111640883057584
【合租】太阳宫 新纪家园 4室主卧,新纪家园,2500,http://bj.58.com/pinpaigongyu/31198386623184x.shtml?psid=147438232197111640883057584
【合租】立水桥 明天第一城1号院 3室次卧,明天第一城1号院,2000,http://bj.58.com/pinpaigongyu/31164386808521x.shtml?psid=147438232197111640883057584
【合租】广渠门 广渠家园 3室次卧,广渠家园,2340,http://bj.58.com/pinpaigongyu/31065496325186x.shtml?psid=147438232197111640883057584
【整租】贝客公寓 立水桥 立水桥,立水桥,3600-3950,http://bj.58.com/pinpaigongyu/30920238856489x.shtml?psid=147438232197111640883057584
【合租】十里堡 都会华庭 3室主卧,都会华庭,2600,http://bj.58.com/pinpaigongyu/30845440385466x.shtml?psid=147438232197111640883057584
【合租】常营  3室次卧,3室次卧,3490,http://bj.58.com/pinpaigongyu/30790322807735x.shtml?psid=147438232197111640883057584
【合租】望京 慧谷时空 3室次卧,慧谷时空,2200,http://bj.58.com/pinpaigongyu/30766769188906x.shtml?psid=147438232197111640883057584
【整租】远江公寓 运河大街 运河大街店,运河大街,2580-3380,http://bj.58.com/pinpaigongyu/30866423190456x.shtml?psid=147438232197111640883057584
【合租】双井 垂杨柳北里 3室次卧,垂杨柳北里,2700,http://bj.58.com/pinpaigongyu/30855400183611x.shtml?psid=147438232197111640883057584
【合租】广安门外 远见名苑 3室次卧,远见名苑,3000,http://bj.58.com/pinpaigongyu/30800183028918x.shtml?psid=147438232197111640883057584
【合租】慈云寺 八里庄西里 3室主卧,八里庄西里,2130,http://bj.58.com/pinpaigongyu/30865480669492x.shtml?psid=147438232197111640883057584
【合租】CBD 光辉里 3室次卧,光辉里,2350,http://bj.58.com/pinpaigongyu/30864121410487x.shtml?psid=147438232197111640883057584
【整租】乐乎城市青年社区 国贸 传媒大学总店,国贸,2499-3299,http://bj.58.com/pinpaigongyu/30986916367564x.shtml?psid=158772309197111641102349038
【合租】太阳宫 新纪家园 4室主卧,新纪家园,2500,http://bj.58.com/pinpaigongyu/31198386623184x.shtml?psid=158772309197111641102349038
【整租】乐乎公寓 十里河 十里河美联居店,十里河,3400-5800,http://bj.58.com/pinpaigongyu/31143529429816x.shtml?psid=158772309197111641102349038
【整租】常营 中弘北京像素北区 2室1厅,中弘北京像素北区,4000,http://bj.58.com/pinpaigongyu/31197727530695x.shtml?psid=158772309197111641102349038
【整租】沙河 巩华家园西二村 2室1厅,巩华家园西二村,3200,http://bj.58.com/pinpaigongyu/31195415955260x.shtml?psid=158772309197111641102349038
【整租】乐乎城市青年社区 国贸 传媒大学总店,国贸,2499-3299,http://bj.58.com/pinpaigongyu/30986917311427x.shtml?psid=158772309197111641102349038
【合租】三元桥 康营家园12期 2室次卧,康营家园12期,2180,http://bj.58.com/pinpaigongyu/31194175901230x.shtml?psid=158772309197111641102349038
【整租】乐乎社区 十里河 乐乎社区美联居,十里河,3600-5100,http://bj.58.com/pinpaigongyu/31074447616690x.shtml?psid=158772309197111641102349038
【整租】高米店 金星乐乎城市青年 1室1厅,金星乐乎城市青年,2300,http://bj.58.com/pinpaigongyu/31184278443571x.shtml?psid=158772309197111641102349038
【整租】国贸 尚帝佳公寓 1室0厅,【整租】国贸,2200,http://bj.58.com/pinpaigongyu/30986119768653x.shtml?psid=158772309197111641102349038
【合租】四惠 东恒时代(一期) 3室主卧,东恒时代(一期),2750,http://bj.58.com/pinpaigongyu/30845247396292x.shtml?psid=158772309197111641102349038
【整租】贝客公寓 立水桥 立水桥,立水桥,3600-3950,http://bj.58.com/pinpaigongyu/30920238856489x.shtml?psid=158772309197111641102349038
【合租】四惠 东恒时代(一期) 3室主卧,东恒时代(一期),2140,http://bj.58.com/pinpaigongyu/30854668216773x.shtml?psid=158772309197111641102349038
【合租】菜户营 金泰小区 3室主卧,金泰小区,2300,http://bj.58.com/pinpaigongyu/31064993966633x.shtml?psid=158772309197111641102349038
【合租】天通苑 天通苑北二区 3室主卧,天通苑北二区,2000,http://bj.58.com/pinpaigongyu/30722623572030x.shtml?psid=158772309197111641102349038
【整租】远江公寓 运河大街 运河大街店,运河大街,2580-3380,http://bj.58.com/pinpaigongyu/30866423190456x.shtml?psid=158772309197111641102349038
【合租】芍药居 芍药居北里小区 3室主卧,芍药居北里小区,2480,http://bj.58.com/pinpaigongyu/30856933402832x.shtml?psid=158772309197111641102349038
【合租】四惠 通惠家园惠润园 3室主卧,通惠家园惠润园,2340,http://bj.58.com/pinpaigongyu/30852996938828x.shtml?psid=158772309197111641102349038
【合租】芍药居 圣馨家园 3室主卧,圣馨家园,2400,http://bj.58.com/pinpaigongyu/30831069675208x.shtml?psid=158772309197111641102349038
【合租】潘家园 华威北里 3室次卧,华威北里,2280,http://bj.58.com/pinpaigongyu/30766755459497x.shtml?psid=158772309197111641102349038
【整租】乐乎城市青年社区 国贸 传媒大学总店,国贸,2499-3299,http://bj.58.com/pinpaigongyu/30986916367564x.shtml?psid=185955258197111641171027076
【合租】朝阳公园 姚家园西里 3室主卧,姚家园西里,2500,http://bj.58.com/pinpaigongyu/31188450474412x.shtml?psid=185955258197111641171027076
【整租】乐乎公寓 十里河 十里河美联居店,十里河,3400-5800,http://bj.58.com/pinpaigongyu/31143529429816x.shtml?psid=185955258197111641171027076
【整租】亦庄 万源街乐乎城市青 1室1厅,万源街乐乎城市青,2800,http://bj.58.com/pinpaigongyu/31164866455747x.shtml?psid=185955258197111641171027076
【合租】天通苑 天通北苑一区 3室主卧,天通北苑一区,2050,http://bj.58.com/pinpaigongyu/31197846093757x.shtml?psid=185955258197111641171027076
【整租】乐乎城市青年社区 国贸 传媒大学总店,国贸,2499-3299,http://bj.58.com/pinpaigongyu/30986917311427x.shtml?psid=185955258197111641171027076
【整租】生物医药基地 熙悦春天 1室1厅,熙悦春天,3280,http://bj.58.com/pinpaigongyu/31008686813251x.shtml?psid=185955258197111641171027076
【整租】乐乎社区 十里河 乐乎社区美联居,十里河,3600-5100,http://bj.58.com/pinpaigongyu/31074447616690x.shtml?psid=185955258197111641171027076
【整租】中仓 西营前街小区 1室1厅,西营前街小区,2080,http://bj.58.com/pinpaigongyu/30874552761549x.shtml?psid=185955258197111641171027076
【合租】方庄 紫芳园一区 3室主卧,紫芳园一区,2250,http://bj.58.com/pinpaigongyu/31198405351337x.shtml?psid=185955258197111641171027076
【合租】双井 垂杨柳北里 3室主卧,垂杨柳北里,2300,http://bj.58.com/pinpaigongyu/30855709171258x.shtml?psid=185955258197111641171027076
【整租】贝客公寓 立水桥 立水桥,立水桥,3600-3950,http://bj.58.com/pinpaigongyu/30920238856489x.shtml?psid=185955258197111641171027076
【合租】潘家园 华威北里 3室次卧,华威北里,2170,http://bj.58.com/pinpaigongyu/30766865370300x.shtml?psid=185955258197111641171027076
【合租】潘家园 松榆西里 3室次卧,松榆西里,2170,http://bj.58.com/pinpaigongyu/30766067491651x.shtml?psid=185955258197111641171027076
【合租】双井 双花园南里二区 3室主卧,双花园南里二区,2700,http://bj.58.com/pinpaigongyu/30855347103820x.shtml?psid=185955258197111641171027076
【整租】远江公寓 运河大街 运河大街店,运河大街,2580-3380,http://bj.58.com/pinpaigongyu/30866423190456x.shtml?psid=185955258197111641171027076
【合租】芍药居 芍药居北里小区 3室主卧,芍药居北里小区,2400,http://bj.58.com/pinpaigongyu/30856950977714x.shtml?psid=185955258197111641171027076
【合租】芍药居 芍药居北里小区 3室主卧,芍药居北里小区,2450,http://bj.58.com/pinpaigongyu/30856941031234x.shtml?psid=185955258197111641171027076
【合租】双井 百环家园 3室主卧,百环家园,2700,http://bj.58.com/pinpaigongyu/30855858844350x.shtml?psid=185955258197111641171027076
【合租】十里堡 都会华庭 3室主卧,都会华庭,2500,http://bj.58.com/pinpaigongyu/30845448418092x.shtml?psid=185955258197111641171027076
【整租】乐乎城市青年社区 国贸 传媒大学总店,国贸,2499-3299,http://bj.58.com/pinpaigongyu/30986916367564x.shtml?psid=108898108197111641242190306
【整租】大望路 尚帝佳公寓 1室0厅,【整租】大望路,2600,http://bj.58.com/pinpaigongyu/30986109447721x.shtml?psid=108898108197111641242190306
【整租】乐乎公寓 十里河 十里河美联居店,十里河,3400-5800,http://bj.58.com/pinpaigongyu/31143529429816x.shtml?psid=108898108197111641242190306
【合租】潘家园 武圣东里 3室主卧,武圣东里,2160,http://bj.58.com/pinpaigongyu/31165816003125x.shtml?psid=108898108197111641242190306
【合租】方庄 静馨嘉苑 2室主卧,静馨嘉苑,2150,http://bj.58.com/pinpaigongyu/31164375426090x.shtml?psid=108898108197111641242190306
【整租】乐乎城市青年社区 国贸 传媒大学总店,国贸,2499-3299,http://bj.58.com/pinpaigongyu/30986917311427x.shtml?psid=108898108197111641242190306
【整租】沙河 保利罗兰香谷 1室1厅,保利罗兰香谷,2800,http://bj.58.com/pinpaigongyu/31207718940971x.shtml?psid=108898108197111641242190306
【整租】乐乎社区 十里河 乐乎社区美联居,十里河,3600-5100,http://bj.58.com/pinpaigongyu/31074447616690x.shtml?psid=108898108197111641242190306
【整租】新华大街 新城南关小区 1室1厅,新城南关小区,2080,http://bj.58.com/pinpaigongyu/30833964058044x.shtml?psid=108898108197111641242190306
【整租】高碑店 通盛公寓 1室0厅,【整租】高碑店,2420,http://bj.58.com/pinpaigongyu/30936369752115x.shtml?psid=108898108197111641242190306
【合租】亚运村 安立花园小区 3室次卧,安立花园小区,2700,http://bj.58.com/pinpaigongyu/30800677427527x.shtml?psid=108898108197111641242190306
【整租】贝客公寓 立水桥 立水桥,立水桥,3600-3950,http://bj.58.com/pinpaigongyu/30920238856489x.shtml?psid=108898108197111641242190306
【合租】望京 望京花园东区 4室次卧,望京花园东区,2250,http://bj.58.com/pinpaigongyu/30865678076457x.shtml?psid=108898108197111641242190306
【合租】广渠门 广渠家园 3室次卧,广渠家园,2050,http://bj.58.com/pinpaigongyu/31065799378482x.shtml?psid=108898108197111641242190306
【合租】双井 广渠门外大街28 3室次卧,广渠门外大街28,2150,http://bj.58.com/pinpaigongyu/31065374201145x.shtml?psid=108898108197111641242190306
【整租】远江公寓 运河大街 运河大街店,运河大街,2580-3380,http://bj.58.com/pinpaigongyu/30866423190456x.shtml?psid=108898108197111641242190306
【合租】四惠 东恒时代(一期) 3室主卧,东恒时代(一期),2290,http://bj.58.com/pinpaigongyu/30853048708019x.shtml?psid=108898108197111641242190306
【合租】双桥 双柳小区 3室主卧,双柳小区,2300,http://bj.58.com/pinpaigongyu/30853137185104x.shtml?psid=108898108197111641242190306
【合租】十里堡 都会华庭 3室主卧,都会华庭,2160,http://bj.58.com/pinpaigongyu/30852990763724x.shtml?psid=108898108197111641242190306
【合租】双井 百环家园 3室主卧,百环家园,2470,http://bj.58.com/pinpaigongyu/30855712891450x.shtml?psid=108898108197111641242190306
【整租】乐乎城市青年社区 国贸 传媒大学总店,国贸,2499-3299,http://bj.58.com/pinpaigongyu/30986916367564x.shtml?psid=123564264197111641325798254
【整租】大望路 大望路 百子湾双 1室0厅,大望路,3468,http://bj.58.com/pinpaigongyu/31208368478263x.shtml?psid=123564264197111641325798254
【整租】乐乎公寓 十里河 十里河美联居店,十里河,3400-5800,http://bj.58.com/pinpaigongyu/31143529429816x.shtml?psid=123564264197111641325798254
【整租】回龙观 东亚上北中心 1室0厅,东亚上北中心,3500,http://bj.58.com/pinpaigongyu/31188169627704x.shtml?psid=123564264197111641325798254
【整租】十里河 乐乎城市青年社区 1室1厅,【整租】十里河,3900,http://bj.58.com/pinpaigongyu/31076423522993x.shtml?psid=123564264197111641325798254
【整租】乐乎城市青年社区 国贸 传媒大学总店,国贸,2499-3299,http://bj.58.com/pinpaigongyu/30986917311427x.shtml?psid=123564264197111641325798254
【整租】十里河 十里河乐乎城市青 1室1厅,十里河乐乎城市青,3900,http://bj.58.com/pinpaigongyu/31198392089007x.shtml?psid=123564264197111641325798254
【整租】乐乎社区 十里河 乐乎社区美联居,十里河,3600-5100,http://bj.58.com/pinpaigongyu/31074447616690x.shtml?psid=123564264197111641325798254
【合租】西二旗 博雅德园 3室主卧,博雅德园,2350,http://bj.58.com/pinpaigongyu/31197598281802x.shtml?psid=123564264197111641325798254
【整租】三元桥 瑞普电子大厦 1室1厅,瑞普电子大厦,3000,http://bj.58.com/pinpaigongyu/31195651219258x.shtml?psid=123564264197111641325798254
【合租】双井 首城国际中心 3室次卧,首城国际中心,2400,http://bj.58.com/pinpaigongyu/30855354737473x.shtml?psid=123564264197111641325798254
【整租】贝客公寓 立水桥 立水桥,立水桥,3600-3950,http://bj.58.com/pinpaigongyu/30920238856489x.shtml?psid=123564264197111641325798254
【合租】四惠 东恒时代(一期) 3室主卧,东恒时代(一期),2430,http://bj.58.com/pinpaigongyu/30852965583799x.shtml?psid=123564264197111641325798254
【合租】常营  3室次卧,3室次卧,3500,http://bj.58.com/pinpaigongyu/30800427312711x.shtml?psid=123564264197111641325798254
【合租】双桥 双柳小区 3室主卧,双柳小区,2320,http://bj.58.com/pinpaigongyu/30854675735223x.shtml?psid=123564264197111641325798254
【整租】远江公寓 运河大街 运河大街店,运河大街,2580-3380,http://bj.58.com/pinpaigongyu/30866423190456x.shtml?psid=123564264197111641325798254
【合租】芍药居 芍药居北里小区 3室主卧,芍药居北里小区,2600,http://bj.58.com/pinpaigongyu/30856360919116x.shtml?psid=123564264197111641325798254
【合租】望京 慧谷时空 3室次卧,慧谷时空,2170,http://bj.58.com/pinpaigongyu/30766885435701x.shtml?psid=123564264197111641325798254
【合租】望京 南湖中园 3室次卧,南湖中园,2200,http://bj.58.com/pinpaigongyu/30790191441598x.shtml?psid=123564264197111641325798254
【合租】广渠门 广渠家园 3室次卧,广渠家园,2000,http://bj.58.com/pinpaigongyu/31065807605834x.shtml?psid=123564264197111641325798254
【整租】乐乎城市青年社区 国贸 传媒大学总店,国贸,2499-3299,http://bj.58.com/pinpaigongyu/30986916367564x.shtml?psid=110414768197111641439087353
【整租】青塔 兆丰园三区 1室1厅,兆丰园三区,3200,http://bj.58.com/pinpaigongyu/31206875303488x.shtml?psid=110414768197111641439087353
【整租】乐乎公寓 十里河 十里河美联居店,十里河,3400-5800,http://bj.58.com/pinpaigongyu/31143529429816x.shtml?psid=110414768197111641439087353
【整租】十里河 乐乎城市青年社区 1室1厅,【整租】十里河,4000,http://bj.58.com/pinpaigongyu/31099285739055x.shtml?psid=110414768197111641439087353
【整租】常营 乐乎城市青年社区 1室1厅,【整租】常营,2300,http://bj.58.com/pinpaigongyu/31165919911340x.shtml?psid=110414768197111641439087353
【整租】乐乎城市青年社区 国贸 传媒大学总店,国贸,2499-3299,http://bj.58.com/pinpaigongyu/30986917311427x.shtml?psid=110414768197111641439087353
【整租】立水桥 立水桥乐乎城市青 1室1厅,立水桥乐乎城市青,3000,http://bj.58.com/pinpaigongyu/31040920560573x.shtml?psid=110414768197111641439087353
【整租】乐乎社区 十里河 乐乎社区美联居,十里河,3600-5100,http://bj.58.com/pinpaigongyu/31074447616690x.shtml?psid=110414768197111641439087353
【合租】定福庄 定福家园北里 3室主卧,定福家园北里,2630,http://bj.58.com/pinpaigongyu/31195413449807x.shtml?psid=110414768197111641439087353
【整租】十里河 十里河 1室0厅,十里河,3999,http://bj.58.com/pinpaigongyu/31200239194923x.shtml?psid=110414768197111641439087353
【合租】望京 望京西园一区 3室次卧,望京西园一区,2250,http://bj.58.com/pinpaigongyu/30865695004215x.shtml?psid=110414768197111641439087353
【整租】贝客公寓 立水桥 立水桥,立水桥,3600-3950,http://bj.58.com/pinpaigongyu/30920238856489x.shtml?psid=110414768197111641439087353
【合租】北苑 万科星园 3室次卧,万科星园,2500,http://bj.58.com/pinpaigongyu/30800502094257x.shtml?psid=110414768197111641439087353
【合租】百子湾 金泰先锋 3室主卧,金泰先锋,2140,http://bj.58.com/pinpaigongyu/31065143515063x.shtml?psid=110414768197111641439087353
【合租】北苑 广华居 3室次卧,广华居,2500,http://bj.58.com/pinpaigongyu/30800576673603x.shtml?psid=110414768197111641439087353
【整租】远江公寓 运河大街 运河大街店,运河大街,2580-3380,http://bj.58.com/pinpaigongyu/30866423190456x.shtml?psid=110414768197111641439087353
【合租】双井 双花园南里二区 3室主卧,双花园南里二区,2730,http://bj.58.com/pinpaigongyu/30855429302340x.shtml?psid=110414768197111641439087353
【合租】芍药居 芍药居北里小区 3室主卧,芍药居北里小区,2450,http://bj.58.com/pinpaigongyu/30856417665987x.shtml?psid=110414768197111641439087353
【合租】双井 百环家园 3室主卧,百环家园,2360,http://bj.58.com/pinpaigongyu/30855957055822x.shtml?psid=110414768197111641439087353
【合租】芍药居 圣馨家园 3室次卧,圣馨家园,2900,http://bj.58.com/pinpaigongyu/30831261228098x.shtml?psid=110414768197111641439087353
【整租】乐乎城市青年社区 国贸 传媒大学总店,国贸,2499-3299,http://bj.58.com/pinpaigongyu/30986916367564x.shtml?psid=122007467197111641523920888
【整租】十里河 乐乎城市青年社区 1室1厅,【整租】十里河,3900,http://bj.58.com/pinpaigongyu/31142705261745x.shtml?psid=122007467197111641523920888
【整租】乐乎公寓 十里河 十里河美联居店,十里河,3400-5800,http://bj.58.com/pinpaigongyu/31143529429816x.shtml?psid=122007467197111641523920888
【合租】回龙观 龙跃苑东四区 3室主卧,龙跃苑东四区,2000,http://bj.58.com/pinpaigongyu/31210504594368x.shtml?psid=122007467197111641523920888
【整租】青塔 兆丰园三区 1室1厅,兆丰园三区,3600,http://bj.58.com/pinpaigongyu/30035024258122x.shtml?psid=122007467197111641523920888
【整租】乐乎城市青年社区 国贸 传媒大学总店,国贸,2499-3299,http://bj.58.com/pinpaigongyu/30986917311427x.shtml?psid=122007467197111641523920888
【合租】老山 老山西里 2室主卧,老山西里,2600,http://bj.58.com/pinpaigongyu/31186750041546x.shtml?psid=122007467197111641523920888
【整租】乐乎社区 十里河 乐乎社区美联居,十里河,3600-5100,http://bj.58.com/pinpaigongyu/31074447616690x.shtml?psid=122007467197111641523920888
【整租】长阳 金域缇香 1室0厅,金域缇香,2180,http://bj.58.com/pinpaigongyu/31121322906043x.shtml?psid=122007467197111641523920888
【整租】十里河 乐乎城市青年社区 1室1厅,【整租】十里河,4000,http://bj.58.com/pinpaigongyu/31078315151037x.shtml?psid=122007467197111641523920888
【合租】劲松 农光南里 3室主卧,农光南里,2370,http://bj.58.com/pinpaigongyu/30866857643434x.shtml?psid=122007467197111641523920888
【整租】贝客公寓 立水桥 立水桥,立水桥,3600-3950,http://bj.58.com/pinpaigongyu/30920238856489x.shtml?psid=122007467197111641523920888
【合租】双井 百环家园 3室主卧,百环家园,3000,http://bj.58.com/pinpaigongyu/30855526147019x.shtml?psid=122007467197111641523920888
【合租】四惠 东恒时代(一期) 3室主卧,东恒时代(一期),2240,http://bj.58.com/pinpaigongyu/30853079579179x.shtml?psid=122007467197111641523920888
【合租】大红门 苗圃东里小区 3室次卧,苗圃东里小区,2800,http://bj.58.com/pinpaigongyu/30866525035177x.shtml?psid=122007467197111641523920888
【整租】远江公寓 运河大街 运河大街店,运河大街,2580-3380,http://bj.58.com/pinpaigongyu/30866423190456x.shtml?psid=122007467197111641523920888
【合租】望京 望京西园三区 3室主卧,望京西园三区,2460,http://bj.58.com/pinpaigongyu/30790015720375x.shtml?psid=122007467197111641523920888
【合租】四惠 远洋天地 3室主卧,远洋天地,2350,http://bj.58.com/pinpaigongyu/30852848742082x.shtml?psid=122007467197111641523920888
【合租】草桥 星河城冬季星空 3室主卧,星河城冬季星空,2580,http://bj.58.com/pinpaigongyu/30790352905150x.shtml?psid=122007467197111641523920888
【合租】双井 百环家园 3室主卧,百环家园,2360,http://bj.58.com/pinpaigongyu/30855452106434x.shtml?psid=122007467197111641523920888
【整租】乐乎城市青年社区 国贸 传媒大学总店,国贸,2499-3299,http://bj.58.com/pinpaigongyu/30986916367564x.shtml?psid=141114030197111641597545008
【合租】建国门 建国里 3室次卧,建国里,2500,http://bj.58.com/pinpaigongyu/31184937537097x.shtml?psid=141114030197111641597545008
【整租】乐乎公寓 十里河 十里河美联居店,十里河,3400-5800,http://bj.58.com/pinpaigongyu/31143529429816x.shtml?psid=141114030197111641597545008
【合租】方庄 静馨嘉苑 3室主卧,静馨嘉苑,2200,http://bj.58.com/pinpaigongyu/31155575563180x.shtml?psid=141114030197111641597545008
【整租】望京 香江北岸 1室0厅,香江北岸,3800,http://bj.58.com/pinpaigongyu/29982145466305x.shtml?psid=141114030197111641597545008
【整租】乐乎城市青年社区 国贸 传媒大学总店,国贸,2499-3299,http://bj.58.com/pinpaigongyu/30986917311427x.shtml?psid=141114030197111641597545008
【合租】四惠 通惠家园惠泽园 3室主卧,通惠家园惠泽园,3100,http://bj.58.com/pinpaigongyu/31163197926328x.shtml?psid=141114030197111641597545008
【整租】乐乎社区 十里河 乐乎社区美联居,十里河,3600-5100,http://bj.58.com/pinpaigongyu/31074447616690x.shtml?psid=141114030197111641597545008
【整租】沙河 顺沙路8号院一区 2室1厅,顺沙路8号院一区,3300,http://bj.58.com/pinpaigongyu/31205783157572x.shtml?psid=141114030197111641597545008
【整租】芍药居 芍药居乐乎城市青 1室1厅,芍药居乐乎城市青,3999,http://bj.58.com/pinpaigongyu/31207132497611x.shtml?psid=141114030197111641597545008
【合租】四惠 通惠家园惠润园 3室主卧,通惠家园惠润园,2200,http://bj.58.com/pinpaigongyu/30866394745040x.shtml?psid=141114030197111641597545008
【整租】贝客公寓 立水桥 立水桥,立水桥,3600-3950,http://bj.58.com/pinpaigongyu/30920238856489x.shtml?psid=141114030197111641597545008
【合租】常营 中弘北京像素南区 3室次卧,中弘北京像素南区,2750,http://bj.58.com/pinpaigongyu/30800588833844x.shtml?psid=141114030197111641597545008
【合租】双井 百环家园 3室主卧,百环家园,2340,http://bj.58.com/pinpaigongyu/30855455248973x.shtml?psid=141114030197111641597545008
【合租】望京 慧谷时空 3室主卧,慧谷时空,2370,http://bj.58.com/pinpaigongyu/30789923045290x.shtml?psid=141114030197111641597545008
【整租】远江公寓 运河大街 运河大街店,运河大街,2580-3380,http://bj.58.com/pinpaigongyu/30866423190456x.shtml?psid=141114030197111641597545008
【合租】双桥 水岸双桥 3室主卧,水岸双桥,2200,http://bj.58.com/pinpaigongyu/30853203009082x.shtml?psid=141114030197111641597545008
【合租】潘家园 华威北里 3室次卧,华威北里,2170,http://bj.58.com/pinpaigongyu/30766824555197x.shtml?psid=141114030197111641597545008
【合租】管庄 华龙美树 3室主卧,华龙美树,2400,http://bj.58.com/pinpaigongyu/30855068369733x.shtml?psid=141114030197111641597545008
【合租】大望路 复地首府 3室次卧,复地首府,2600,http://bj.58.com/pinpaigongyu/30866532322250x.shtml?psid=141114030197111641597545008
【整租】乐乎城市青年社区 国贸 传媒大学总店,国贸,2499-3299,http://bj.58.com/pinpaigongyu/30986916367564x.shtml?psid=185077912197111641668945042
【整租】回龙观 条玛青年公寓 1室1厅,【整租】回龙观,3200,http://bj.58.com/pinpaigongyu/30952350971573x.shtml?psid=185077912197111641668945042
【整租】乐乎公寓 十里河 十里河美联居店,十里河,3400-5800,http://bj.58.com/pinpaigongyu/31143529429816x.shtml?psid=185077912197111641668945042
【合租】石佛营 炫特嘉园 4室主卧,炫特嘉园,2500,http://bj.58.com/pinpaigongyu/31187075515202x.shtml?psid=185077912197111641668945042
【整租】沙河 巩华家园西二村 2室1厅,巩华家园西二村,3300,http://bj.58.com/pinpaigongyu/31206517735626x.shtml?psid=185077912197111641668945042
【整租】乐乎城市青年社区 国贸 传媒大学总店,国贸,2499-3299,http://bj.58.com/pinpaigongyu/30986917311427x.shtml?psid=185077912197111641668945042
【合租】北苑 明天第一城 3室主卧,明天第一城,2150,http://bj.58.com/pinpaigongyu/31153840737358x.shtml?psid=185077912197111641668945042
【整租】乐乎社区 十里河 乐乎社区美联居,十里河,3600-5100,http://bj.58.com/pinpaigongyu/31074447616690x.shtml?psid=185077912197111641668945042
【合租】建国门 永安南里 3室主卧,永安南里,2890,http://bj.58.com/pinpaigongyu/31184945404344x.shtml?psid=185077912197111641668945042
【整租】广渠门 百子湾 沿海赛洛 1室0厅,百子湾,3400,http://bj.58.com/pinpaigongyu/30733186985400x.shtml?psid=185077912197111641668945042
【合租】四惠 东恒时代(一期) 3室主卧,东恒时代(一期),2650,http://bj.58.com/pinpaigongyu/30845263426743x.shtml?psid=185077912197111641668945042
【整租】贝客公寓 立水桥 立水桥,立水桥,3600-3950,http://bj.58.com/pinpaigongyu/30920238856489x.shtml?psid=185077912197111641668945042
【合租】广安门内 京铁和园 3室主卧,京铁和园,2590,http://bj.58.com/pinpaigongyu/30790268211764x.shtml?psid=185077912197111641668945042
【合租】望京 望京花园东区 3室主卧,望京花园东区,2390,http://bj.58.com/pinpaigongyu/30866844593068x.shtml?psid=185077912197111641668945042
【合租】芍药居 圣馨家园 3室主卧,圣馨家园,2240,http://bj.58.com/pinpaigongyu/30856348557491x.shtml?psid=185077912197111641668945042
【整租】远江公寓 运河大街 运河大街店,运河大街,2580-3380,http://bj.58.com/pinpaigongyu/30866423190456x.shtml?psid=185077912197111641668945042
【合租】后沙峪 双裕花园 3室主卧,双裕花园,2600,http://bj.58.com/pinpaigongyu/30866797272235x.shtml?psid=185077912197111641668945042
【合租】双井 百环家园 3室主卧,百环家园,2790,http://bj.58.com/pinpaigongyu/30855528158275x.shtml?psid=185077912197111641668945042
【合租】潘家园 华威北里 3室次卧,华威北里,2160,http://bj.58.com/pinpaigongyu/30766877718840x.shtml?psid=185077912197111641668945042
【合租】双桥 双惠苑 3室主卧,双惠苑,2300,http://bj.58.com/pinpaigongyu/30854756260660x.shtml?psid=185077912197111641668945042
【整租】乐乎城市青年社区 国贸 传媒大学总店,国贸,2499-3299,http://bj.58.com/pinpaigongyu/30986916367564x.shtml?psid=180573005197111641740345326
【合租】大望路 光辉南里 3室主卧,光辉南里,2450,http://bj.58.com/pinpaigongyu/31197899040819x.shtml?psid=180573005197111641740345326
【整租】乐乎公寓 十里河 十里河美联居店,十里河,3400-5800,http://bj.58.com/pinpaigongyu/31143529429816x.shtml?psid=180573005197111641740345326
【整租】沙河 巩华家园南一村 1室1厅,巩华家园南一村,2500,http://bj.58.com/pinpaigongyu/31194677166506x.shtml?psid=180573005197111641740345326
【整租】双井 乐乎城市青年社区 1室1厅,【整租】双井,3999,http://bj.58.com/pinpaigongyu/31117676280363x.shtml?psid=180573005197111641740345326
【整租】乐乎城市青年社区 国贸 传媒大学总店,国贸,2499-3299,http://bj.58.com/pinpaigongyu/30986917311427x.shtml?psid=180573005197111641740345326
【整租】九棵树 九棵树家园 1室1厅,九棵树家园,2080,http://bj.58.com/pinpaigongyu/31195851273009x.shtml?psid=180573005197111641740345326
【整租】乐乎社区 十里河 乐乎社区美联居,十里河,3600-5100,http://bj.58.com/pinpaigongyu/31074447616690x.shtml?psid=180573005197111641740345326
【整租】黄村 悦景苑 2室1厅,悦景苑,2980,http://bj.58.com/pinpaigongyu/30974316342864x.shtml?psid=180573005197111641740345326
【整租】亦庄 万源街乐乎城市青 1室1厅,万源街乐乎城市青,2700,http://bj.58.com/pinpaigongyu/31196181950656x.shtml?psid=180573005197111641740345326
【合租】劲松 农光南里 3室次卧,农光南里,2180,http://bj.58.com/pinpaigongyu/30766063162446x.shtml?psid=180573005197111641740345326
【整租】贝客公寓 立水桥 立水桥,立水桥,3600-3950,http://bj.58.com/pinpaigongyu/30920238856489x.shtml?psid=180573005197111641740345326
【合租】望京 慧谷时空 3室次卧,慧谷时空,2180,http://bj.58.com/pinpaigongyu/30766771792707x.shtml?psid=180573005197111641740345326
【合租】望京 望京西园一区 3室次卧,望京西园一区,2190,http://bj.58.com/pinpaigongyu/30790026760635x.shtml?psid=180573005197111641740345326
【合租】双井 百环家园 3室主卧,百环家园,2460,http://bj.58.com/pinpaigongyu/30799886053570x.shtml?psid=180573005197111641740345326
【整租】远江公寓 运河大街 运河大街店,运河大街,2580-3380,http://bj.58.com/pinpaigongyu/30866423190456x.shtml?psid=180573005197111641740345326
【合租】广渠门 东环居苑 3室次卧,东环居苑,2030,http://bj.58.com/pinpaigongyu/31065245844800x.shtml?psid=180573005197111641740345326
【合租】芍药居 圣馨家园 3室主卧,圣馨家园,2510,http://bj.58.com/pinpaigongyu/30831108567722x.shtml?psid=180573005197111641740345326
【合租】常营  3室次卧,3室次卧,2000,http://bj.58.com/pinpaigongyu/30800621467593x.shtml?psid=180573005197111641740345326
【合租】双井 垂杨柳北里 3室主卧,垂杨柳北里,2620,http://bj.58.com/pinpaigongyu/30855363843755x.shtml?psid=180573005197111641740345326
【整租】乐乎城市青年社区 国贸 传媒大学总店,国贸,2499-3299,http://bj.58.com/pinpaigongyu/30986916367564x.shtml?psid=164693259197111641812694783
【整租】嘉园 乐乎城市青年社区 1室1厅,【整租】嘉园,3200,http://bj.58.com/pinpaigongyu/31075512023994x.shtml?psid=164693259197111641812694783
【整租】乐乎公寓 十里河 十里河美联居店,十里河,3400-5800,http://bj.58.com/pinpaigongyu/31143529429816x.shtml?psid=164693259197111641812694783
【合租】常营 连心园 4室主卧,连心园,2000,http://bj.58.com/pinpaigongyu/31184605014981x.shtml?psid=164693259197111641812694783
【整租】劲松 劲松六区 1室1厅,劲松六区,3700,http://bj.58.com/pinpaigongyu/30936614641467x.shtml?psid=164693259197111641812694783
【整租】乐乎城市青年社区 国贸 传媒大学总店,国贸,2499-3299,http://bj.58.com/pinpaigongyu/30986917311427x.shtml?psid=164693259197111641812694783
【合租】回龙观 良庄家园 3室主卧,良庄家园,2050,http://bj.58.com/pinpaigongyu/31187738315342x.shtml?psid=164693259197111641812694783
【整租】乐乎社区 十里河 乐乎社区美联居,十里河,3600-5100,http://bj.58.com/pinpaigongyu/31074447616690x.shtml?psid=164693259197111641812694783
【合租】新华大街 西上园 3室主卧,西上园,2130,http://bj.58.com/pinpaigongyu/31088278069456x.shtml?psid=164693259197111641812694783
【合租】方庄 芳城园一区 3室主卧,芳城园一区,2780,http://bj.58.com/pinpaigongyu/31143658551616x.shtml?psid=164693259197111641812694783
【合租】芍药居 芍药居北里小区 3室主卧,芍药居北里小区,2550,http://bj.58.com/pinpaigongyu/30856367356984x.shtml?psid=164693259197111641812694783
【整租】贝客公寓 立水桥 立水桥,立水桥,3600-3950,http://bj.58.com/pinpaigongyu/30920238856489x.shtml?psid=164693259197111641812694783
【合租】四惠 东恒时代(一期) 3室主卧,东恒时代(一期),2500,http://bj.58.com/pinpaigongyu/30845269878475x.shtml?psid=164693259197111641812694783
【合租】双井 垂杨柳北里 3室主卧,垂杨柳北里,2590,http://bj.58.com/pinpaigongyu/30855508643532x.shtml?psid=164693259197111641812694783
【合租】广渠门 广渠家园 3室次卧,广渠家园,2280,http://bj.58.com/pinpaigongyu/31065498852415x.shtml?psid=164693259197111641812694783
【整租】远江公寓 运河大街 运河大街店,运河大街,2580-3380,http://bj.58.com/pinpaigongyu/30866423190456x.shtml?psid=164693259197111641812694783
【合租】双桥 双惠苑 3室主卧,双惠苑,2250,http://bj.58.com/pinpaigongyu/30854762037826x.shtml?psid=164693259197111641812694783
【合租】赵公口 慧时欣园 3室主卧,慧时欣园,2250,http://bj.58.com/pinpaigongyu/30789571898687x.shtml?psid=164693259197111641812694783
【合租】百子湾 金泰先锋 3室主卧,金泰先锋,2090,http://bj.58.com/pinpaigongyu/31065133177023x.shtml?psid=164693259197111641812694783
【合租】大红门 苗圃东里小区 3室次卧,苗圃东里小区,2860,http://bj.58.com/pinpaigongyu/30866521294891x.shtml?psid=164693259197111641812694783
【整租】乐乎城市青年社区 国贸 传媒大学总店,国贸,2499-3299,http://bj.58.com/pinpaigongyu/30986916367564x.shtml?psid=156245793197111641888682726
【整租】劲松 劲松四区 1室1厅,劲松四区,3600,http://bj.58.com/pinpaigongyu/30922360938674x.shtml?psid=156245793197111641888682726
【整租】乐乎公寓 十里河 十里河美联居店,十里河,3400-5800,http://bj.58.com/pinpaigongyu/31143529429816x.shtml?psid=156245793197111641888682726
【整租】十里河 十里河 1室1厅,十里河,3400,http://bj.58.com/pinpaigongyu/31207253706548x.shtml?psid=156245793197111641888682726
【合租】青塔 万科中粮假日风景 3室次卧,万科中粮假日风景,2000,http://bj.58.com/pinpaigongyu/31166364749255x.shtml?psid=156245793197111641888682726
【整租】乐乎城市青年社区 国贸 传媒大学总店,国贸,2499-3299,http://bj.58.com/pinpaigongyu/30986917311427x.shtml?psid=156245793197111641888682726
【合租】白纸坊 半步桥 5室主卧,半步桥,2250,http://bj.58.com/pinpaigongyu/31185375134266x.shtml?psid=156245793197111641888682726
【整租】乐乎社区 十里河 乐乎社区美联居,十里河,3600-5100,http://bj.58.com/pinpaigongyu/31074447616690x.shtml?psid=156245793197111641888682726
【整租】通州北苑 通州北苑乐乎城市 1室1厅,通州北苑乐乎城市,2300,http://bj.58.com/pinpaigongyu/31184040919212x.shtml?psid=156245793197111641888682726
【整租】九棵树 九棵树家园 1室1厅,九棵树家园,2080,http://bj.58.com/pinpaigongyu/31189109429289x.shtml?psid=156245793197111641888682726
【合租】劲松 农光南里 3室主卧,农光南里,2400,http://bj.58.com/pinpaigongyu/30799889025345x.shtml?psid=156245793197111641888682726
【整租】贝客公寓 立水桥 立水桥,立水桥,3600-3950,http://bj.58.com/pinpaigongyu/30920238856489x.shtml?psid=156245793197111641888682726
【合租】双井 百环家园 3室次卧,百环家园,2240,http://bj.58.com/pinpaigongyu/30766116487491x.shtml?psid=156245793197111641888682726
【合租】劲松 农光南里 3室主卧,农光南里,2340,http://bj.58.com/pinpaigongyu/30866875872314x.shtml?psid=156245793197111641888682726
【合租】十里堡 都会华庭 3室主卧,都会华庭,2700,http://bj.58.com/pinpaigongyu/30845215352370x.shtml?psid=156245793197111641888682726
【整租】远江公寓 运河大街 运河大街店,运河大街,2580-3380,http://bj.58.com/pinpaigongyu/30866423190456x.shtml?psid=156245793197111641888682726
【合租】芍药居 芍药居北里小区 3室主卧,芍药居北里小区,2430,http://bj.58.com/pinpaigongyu/30856620418602x.shtml?psid=156245793197111641888682726
【合租】四惠 通惠家园惠润园 3室主卧,通惠家园惠润园,2440,http://bj.58.com/pinpaigongyu/30845411035721x.shtml?psid=156245793197111641888682726
【合租】芍药居 芍药居北里小区 3室主卧,芍药居北里小区,2460,http://bj.58.com/pinpaigongyu/30856415938762x.shtml?psid=156245793197111641888682726
【合租】赵公口 慧时欣园 3室主卧,慧时欣园,2300,http://bj.58.com/pinpaigongyu/30789700619846x.shtml?psid=156245793197111641888682726
【整租】乐乎城市青年社区 国贸 传媒大学总店,国贸,2499-3299,http://bj.58.com/pinpaigongyu/30986916367564x.shtml?psid=171028981197111641964248635
【整租】沙河 巩华家园南一村 2室1厅,巩华家园南一村,3300,http://bj.58.com/pinpaigongyu/31194567045547x.shtml?psid=171028981197111641964248635
【整租】乐乎公寓 十里河 十里河美联居店,十里河,3400-5800,http://bj.58.com/pinpaigongyu/31143529429816x.shtml?psid=171028981197111641964248635
【整租】双井 乐乎城市青年社区 1室1厅,【整租】双井,3999,http://bj.58.com/pinpaigongyu/31117646413892x.shtml?psid=171028981197111641964248635
【合租】西三旗 育新嘉园 3室主卧,育新嘉园,2050,http://bj.58.com/pinpaigongyu/31198206953271x.shtml?psid=171028981197111641964248635
【整租】乐乎城市青年社区 国贸 传媒大学总店,国贸,2499-3299,http://bj.58.com/pinpaigongyu/30986917311427x.shtml?psid=171028981197111641964248635
【合租】孙河 康营家园 3室主卧,康营家园,2480,http://bj.58.com/pinpaigongyu/31209256291242x.shtml?psid=171028981197111641964248635
【整租】乐乎社区 十里河 乐乎社区美联居,十里河,3600-5100,http://bj.58.com/pinpaigongyu/31074447616690x.shtml?psid=171028981197111641964248635
【合租】马家堡 星河苑2号院 3室主卧,星河苑2号院,2150,http://bj.58.com/pinpaigongyu/31164930681914x.shtml?psid=171028981197111641964248635
【合租】刘家窑 横七条44号院 3室次卧,横七条44号院,2250,http://bj.58.com/pinpaigongyu/31198010207184x.shtml?psid=171028981197111641964248635
【合租】芍药居 圣馨家园 3室主卧,圣馨家园,2650,http://bj.58.com/pinpaigongyu/30831251174735x.shtml?psid=171028981197111641964248635
【整租】贝客公寓 立水桥 立水桥,立水桥,3600-3950,http://bj.58.com/pinpaigongyu/30920238856489x.shtml?psid=171028981197111641964248635
【合租】赵公口 慧时欣园 3室主卧,慧时欣园,2050,http://bj.58.com/pinpaigongyu/30789618718898x.shtml?psid=171028981197111641964248635
【合租】望京 望京西园三区 3室主卧,望京西园三区,2400,http://bj.58.com/pinpaigongyu/30789943203005x.shtml?psid=171028981197111641964248635
【合租】双井 富力城A区 3室主卧,富力城A区,2230,http://bj.58.com/pinpaigongyu/30855434564432x.shtml?psid=171028981197111641964248635
【整租】远江公寓 运河大街 运河大街店,运河大街,2580-3380,http://bj.58.com/pinpaigongyu/30866423190456x.shtml?psid=171028981197111641964248635
【合租】天通苑 天通苑北二区 3室主卧,天通苑北二区,2090,http://bj.58.com/pinpaigongyu/30722599256526x.shtml?psid=171028981197111641964248635
【合租】芍药居 圣馨家园 3室次卧,圣馨家园,2180,http://bj.58.com/pinpaigongyu/30856031861186x.shtml?psid=171028981197111641964248635
【合租】四惠 东恒时代(一期) 3室主卧,东恒时代(一期),2600,http://bj.58.com/pinpaigongyu/30845280838210x.shtml?psid=171028981197111641964248635
【合租】望京 望京花园东区 3室次卧,望京花园东区,2200,http://bj.58.com/pinpaigongyu/30790078254643x.shtml?psid=171028981197111641964248635
【整租】乐乎城市青年社区 国贸 传媒大学总店,国贸,2499-3299,http://bj.58.com/pinpaigongyu/30986916367564x.shtml?psid=171812272197111642036324249
【合租】方庄 政法小区(四方景 3室主卧,政法小区(四方景,2690,http://bj.58.com/pinpaigongyu/31196090070206x.shtml?psid=171812272197111642036324249
【整租】乐乎公寓 十里河 十里河美联居店,十里河,3400-5800,http://bj.58.com/pinpaigongyu/31143529429816x.shtml?psid=171812272197111642036324249
【整租】沙河 巩华家园西二村 2室1厅,巩华家园西二村,3300,http://bj.58.com/pinpaigongyu/31195093581776x.shtml?psid=171812272197111642036324249
【整租】沙河 巩华家园南一村 2室1厅,巩华家园南一村,3300,http://bj.58.com/pinpaigongyu/31205595271486x.shtml?psid=171812272197111642036324249
【整租】乐乎城市青年社区 国贸 传媒大学总店,国贸,2499-3299,http://bj.58.com/pinpaigongyu/30986917311427x.shtml?psid=171812272197111642036324249
【整租】沙河 巩华家园北二村 1室1厅,巩华家园北二村,2700,http://bj.58.com/pinpaigongyu/31205487012426x.shtml?psid=171812272197111642036324249
【整租】乐乎社区 十里河 乐乎社区美联居,十里河,3600-5100,http://bj.58.com/pinpaigongyu/31074447616690x.shtml?psid=171812272197111642036324249
【合租】定福庄 定福家园北里 3室主卧,定福家园北里,2330,http://bj.58.com/pinpaigongyu/31195329767721x.shtml?psid=171812272197111642036324249
【整租】欢乐谷 乐乎城市青年社区 1室1厅,【整租】欢乐谷,2450,http://bj.58.com/pinpaigongyu/31132427366722x.shtml?psid=171812272197111642036324249
【合租】双井 富力城A区 3室主卧,富力城A区,2320,http://bj.58.com/pinpaigongyu/30855365856592x.shtml?psid=171812272197111642036324249
【整租】贝客公寓 立水桥 立水桥,立水桥,3600-3950,http://bj.58.com/pinpaigongyu/30920238856489x.shtml?psid=171812272197111642036324249
【合租】十里堡 都会华庭 3室主卧,都会华庭,2760,http://bj.58.com/pinpaigongyu/30845239311307x.shtml?psid=171812272197111642036324249
【合租】中央别墅区 江山赋 3室次卧,江山赋,2680,http://bj.58.com/pinpaigongyu/30866773582642x.shtml?psid=171812272197111642036324249
【合租】双桥 双柳小区 3室主卧,双柳小区,3000,http://bj.58.com/pinpaigongyu/30853128479311x.shtml?psid=171812272197111642036324249
【整租】远江公寓 运河大街 运河大街店,运河大街,2580-3380,http://bj.58.com/pinpaigongyu/30866423190456x.shtml?psid=171812272197111642036324249
【合租】后沙峪 蓝星花园 3室主卧,蓝星花园,2500,http://bj.58.com/pinpaigongyu/30864072308936x.shtml?psid=171812272197111642036324249
【合租】双桥 双柳小区 3室主卧,双柳小区,2000,http://bj.58.com/pinpaigongyu/30854726028237x.shtml?psid=171812272197111642036324249
【合租】天通苑 天通苑西一区 3室主卧,天通苑西一区,2000,http://bj.58.com/pinpaigongyu/30723973108403x.shtml?psid=171812272197111642036324249
【合租】天通苑 天通中苑F区 3室主卧,天通中苑F区,2040,http://bj.58.com/pinpaigongyu/30723837154610x.shtml?psid=171812272197111642036324249
【整租】乐乎城市青年社区 国贸 传媒大学总店,国贸,2499-3299,http://bj.58.com/pinpaigongyu/30986916367564x.shtml?psid=152765826197111642122061933
【整租】望京 香江北岸 1室1厅,香江北岸,3600,http://bj.58.com/pinpaigongyu/30645443351233x.shtml?psid=152765826197111642122061933
【整租】乐乎公寓 十里河 十里河美联居店,十里河,3400-5800,http://bj.58.com/pinpaigongyu/31143529429816x.shtml?psid=152765826197111642122061933
【合租】团结湖 呼家楼北里 3室主卧,呼家楼北里,2490,http://bj.58.com/pinpaigongyu/31143565470283x.shtml?psid=152765826197111642122061933
【整租】西红门 星光影视园乐乎城 1室1厅,星光影视园乐乎城,3290,http://bj.58.com/pinpaigongyu/31207145900462x.shtml?psid=152765826197111642122061933
【整租】乐乎城市青年社区 国贸 传媒大学总店,国贸,2499-3299,http://bj.58.com/pinpaigongyu/30986917311427x.shtml?psid=152765826197111642122061933
【合租】孙河 康营家园25期 2室次卧,康营家园25期,2180,http://bj.58.com/pinpaigongyu/31210604935467x.shtml?psid=152765826197111642122061933
【整租】乐乎社区 十里河 乐乎社区美联居,十里河,3600-5100,http://bj.58.com/pinpaigongyu/31074447616690x.shtml?psid=152765826197111642122061933
【合租】酒仙桥 芳园里南区 3室主卧,芳园里南区,2320,http://bj.58.com/pinpaigongyu/31142028939600x.shtml?psid=152765826197111642122061933
【整租】十里河 乐乎城市青年社区 1室1厅,【整租】十里河,3300,http://bj.58.com/pinpaigongyu/31106974173097x.shtml?psid=152765826197111642122061933
【合租】劲松 农光南里 3室次卧,农光南里,2170,http://bj.58.com/pinpaigongyu/30766244253867x.shtml?psid=152765826197111642122061933
【整租】贝客公寓 立水桥 立水桥,立水桥,3600-3950,http://bj.58.com/pinpaigongyu/30920238856489x.shtml?psid=152765826197111642122061933
【合租】四惠 通惠家园惠润园 3室主卧,通惠家园惠润园,2280,http://bj.58.com/pinpaigongyu/30852998780871x.shtml?psid=152765826197111642122061933
【合租】大红门 二里 3室主卧,二里,2640,http://bj.58.com/pinpaigongyu/30790212959048x.shtml?psid=152765826197111642122061933
【合租】潘家园 松榆西里 3室次卧,松榆西里,2160,http://bj.58.com/pinpaigongyu/30766202463545x.shtml?psid=152765826197111642122061933
【整租】远江公寓 运河大街 运河大街店,运河大街,2580-3380,http://bj.58.com/pinpaigongyu/30866423190456x.shtml?psid=152765826197111642122061933
【合租】潘家园 松榆东里 3室次卧,松榆东里,2750,http://bj.58.com/pinpaigongyu/30867293745862x.shtml?psid=152765826197111642122061933
【合租】双井 广渠门外大街28 3室次卧,广渠门外大街28,2190,http://bj.58.com/pinpaigongyu/31065406645686x.shtml?psid=152765826197111642122061933
【合租】常营 保利嘉园 3室主卧,保利嘉园,2050,http://bj.58.com/pinpaigongyu/30865412236619x.shtml?psid=152765826197111642122061933
【合租】大红门 苗圃东里小区 3室次卧,苗圃东里小区,2940,http://bj.58.com/pinpaigongyu/30866527623865x.shtml?psid=152765826197111642122061933
【整租】乐乎城市青年社区 国贸 传媒大学总店,国贸,2499-3299,http://bj.58.com/pinpaigongyu/30986916367564x.shtml?psid=165348407197111642195456932
【整租】国贸 通盛公寓 1室0厅,【整租】国贸,2520,http://bj.58.com/pinpaigongyu/30809680673487x.shtml?psid=165348407197111642195456932
【整租】乐乎公寓 十里河 十里河美联居店,十里河,3400-5800,http://bj.58.com/pinpaigongyu/31143529429816x.shtml?psid=165348407197111642195456932
【整租】劲松 熊猫公寓 1室1厅,【整租】劲松,3400,http://bj.58.com/pinpaigongyu/30731253482446x.shtml?psid=165348407197111642195456932
【整租】青塔 兆丰园三区 1室1厅,兆丰园三区,3800,http://bj.58.com/pinpaigongyu/31120463274437x.shtml?psid=165348407197111642195456932
【整租】乐乎城市青年社区 国贸 传媒大学总店,国贸,2499-3299,http://bj.58.com/pinpaigongyu/30986917311427x.shtml?psid=165348407197111642195456932
【合租】酒仙桥 酒仙桥中路24号 3室主卧,酒仙桥中路24号,2150,http://bj.58.com/pinpaigongyu/31165555922217x.shtml?psid=165348407197111642195456932
【整租】乐乎社区 十里河 乐乎社区美联居,十里河,3600-5100,http://bj.58.com/pinpaigongyu/31074447616690x.shtml?psid=165348407197111642195456932
【合租】望京 望京西园三区 3室主卧,望京西园三区,2550,http://bj.58.com/pinpaigongyu/31188605154857x.shtml?psid=165348407197111642195456932
【整租】沙河 兆丰家园东区 2室1厅,兆丰家园东区,3100,http://bj.58.com/pinpaigongyu/31195280459704x.shtml?psid=165348407197111642195456932
【合租】四惠 东恒时代(三期) 3室主卧,东恒时代(三期),2050,http://bj.58.com/pinpaigongyu/30865524402868x.shtml?psid=165348407197111642195456932
【整租】贝客公寓 立水桥 立水桥,立水桥,3600-3950,http://bj.58.com/pinpaigongyu/30920238856489x.shtml?psid=165348407197111642195456932
【合租】芍药居 芍药居北里小区 3室主卧,芍药居北里小区,2750,http://bj.58.com/pinpaigongyu/30855960667442x.shtml?psid=165348407197111642195456932
【合租】双井 广渠门外大街28 3室主卧,广渠门外大街28,2350,http://bj.58.com/pinpaigongyu/31065411952562x.shtml?psid=165348407197111642195456932
【合租】四惠 东恒时代(一期) 3室主卧,东恒时代(一期),2100,http://bj.58.com/pinpaigongyu/30853130629574x.shtml?psid=165348407197111642195456932
【整租】远江公寓 运河大街 运河大街店,运河大街,2580-3380,http://bj.58.com/pinpaigongyu/30866423190456x.shtml?psid=165348407197111642195456932
【合租】劲松 农光南里 3室次卧,农光南里,2140,http://bj.58.com/pinpaigongyu/30766127879223x.shtml?psid=165348407197111642195456932
【合租】潘家园 华威北里 3室次卧,华威北里,2190,http://bj.58.com/pinpaigongyu/30766861876151x.shtml?psid=165348407197111642195456932
【合租】慈云寺 八里庄西里 3室主卧,八里庄西里,2300,http://bj.58.com/pinpaigongyu/30799140314438x.shtml?psid=165348407197111642195456932
【合租】望京 南湖中园 3室主卧,南湖中园,2380,http://bj.58.com/pinpaigongyu/30766148451381x.shtml?psid=165348407197111642195456932
【整租】乐乎城市青年社区 国贸 传媒大学总店,国贸,2499-3299,http://bj.58.com/pinpaigongyu/30986916367564x.shtml?psid=128902080197111642270861206
【整租】沙河 兆丰家园东区 1室1厅,兆丰家园东区,2600,http://bj.58.com/pinpaigongyu/31186348126785x.shtml?psid=128902080197111642270861206
【整租】乐乎公寓 十里河 十里河美联居店,十里河,3400-5800,http://bj.58.com/pinpaigongyu/31143529429816x.shtml?psid=128902080197111642270861206
【整租】沙河 巩华家园北二村 2室1厅,巩华家园北二村,3200,http://bj.58.com/pinpaigongyu/31195371714246x.shtml?psid=128902080197111642270861206
【整租】三元桥 瑞普电子大厦 1室1厅,瑞普电子大厦,3500,http://bj.58.com/pinpaigongyu/31195670993223x.shtml?psid=128902080197111642270861206
【整租】乐乎城市青年社区 国贸 传媒大学总店,国贸,2499-3299,http://bj.58.com/pinpaigongyu/30986917311427x.shtml?psid=128902080197111642270861206
【合租】菜户营 万润风景 3室主卧,万润风景,2300,http://bj.58.com/pinpaigongyu/31143868039223x.shtml?psid=128902080197111642270861206
【整租】乐乎社区 十里河 乐乎社区美联居,十里河,3600-5100,http://bj.58.com/pinpaigongyu/31074447616690x.shtml?psid=128902080197111642270861206
【整租】九棵树 九棵树家园 1室1厅,九棵树家园,2080,http://bj.58.com/pinpaigongyu/31195384907314x.shtml?psid=128902080197111642270861206
【整租】亦庄 万源街乐乎城市青 1室1厅,万源街乐乎城市青,2730,http://bj.58.com/pinpaigongyu/31197388692810x.shtml?psid=128902080197111642270861206
【合租】后沙峪 中景江山赋 3室次卧,中景江山赋,2400,http://bj.58.com/pinpaigongyu/30863916987962x.shtml?psid=128902080197111642270861206
【整租】贝客公寓 立水桥 立水桥,立水桥,3600-3950,http://bj.58.com/pinpaigongyu/30920238856489x.shtml?psid=128902080197111642270861206
【合租】四惠 东恒时代(一期) 3室主卧,东恒时代(一期),2500,http://bj.58.com/pinpaigongyu/30845477954859x.shtml?psid=128902080197111642270861206
【合租】望京 慧谷时空 3室次卧,慧谷时空,2190,http://bj.58.com/pinpaigongyu/30800066683583x.shtml?psid=128902080197111642270861206
【合租】管庄 旺角福邸 3室主卧,旺角福邸,2000,http://bj.58.com/pinpaigongyu/30855173020215x.shtml?psid=128902080197111642270861206
【整租】远江公寓 运河大街 运河大街店,运河大街,2580-3380,http://bj.58.com/pinpaigongyu/30866423190456x.shtml?psid=128902080197111642270861206
【合租】赵公口 石榴园北里小区 3室主卧,石榴园北里小区,2030,http://bj.58.com/pinpaigongyu/30865642391109x.shtml?psid=128902080197111642270861206
【合租】双井 广渠门外大街28 3室次卧,广渠门外大街28,2250,http://bj.58.com/pinpaigongyu/31065408854216x.shtml?psid=128902080197111642270861206
【合租】后沙峪 香花畦家园 3室主卧,香花畦家园,2200,http://bj.58.com/pinpaigongyu/30866826860618x.shtml?psid=128902080197111642270861206
【合租】大红门 二里 3室主卧,二里,2500,http://bj.58.com/pinpaigongyu/30790215654088x.shtml?psid=128902080197111642270861206
